--
-- PostgreSQL database dump
--

-- Dumped from database version 17.5
-- Dumped by pg_dump version 17.5

-- Started on 2025-05-27 17:49:36

SET statement_timeout = 0;
SET lock_timeout = 0;
SET idle_in_transaction_session_timeout = 0;
SET transaction_timeout = 0;
SET client_encoding = 'UTF8';
SET standard_conforming_strings = on;
SELECT pg_catalog.set_config('search_path', '', false);
SET check_function_bodies = false;
SET xmloption = content;
SET client_min_messages = warning;
SET row_security = off;

SET default_tablespace = '';

SET default_table_access_method = heap;

--
-- TOC entry 221 (class 1259 OID 16408)
-- Name: admins; Type: TABLE; Schema: public; Owner: postgres
--

CREATE TABLE public.admins (
    id bigint NOT NULL
);


ALTER TABLE public.admins OWNER TO postgres;

--
-- TOC entry 223 (class 1259 OID 16419)
-- Name: applications; Type: TABLE; Schema: public; Owner: postgres
--

CREATE TABLE public.applications (
    id bigint NOT NULL,
    data_inscricao timestamp(6) without time zone NOT NULL,
    status character varying(255) NOT NULL,
    job_offer_id bigint NOT NULL,
    student_id bigint NOT NULL,
    CONSTRAINT applications_status_check CHECK (((status)::text = ANY ((ARRAY['PENDENTE'::character varying, 'EM_ANALISE'::character varying, 'APROVADO'::character varying, 'REJEITADO'::character varying])::text[])))
);


ALTER TABLE public.applications OWNER TO postgres;

--
-- TOC entry 222 (class 1259 OID 16418)
-- Name: applications_id_seq; Type: SEQUENCE; Schema: public; Owner: postgres
--

ALTER TABLE public.applications ALTER COLUMN id ADD GENERATED BY DEFAULT AS IDENTITY (
    SEQUENCE NAME public.applications_id_seq
    START WITH 1
    INCREMENT BY 1
    NO MINVALUE
    NO MAXVALUE
    CACHE 1
);


--
-- TOC entry 218 (class 1259 OID 16390)
-- Name: areas; Type: TABLE; Schema: public; Owner: postgres
--

CREATE TABLE public.areas (
    id bigint NOT NULL,
    nome character varying(255) NOT NULL
);


ALTER TABLE public.areas OWNER TO postgres;

--
-- TOC entry 217 (class 1259 OID 16389)
-- Name: areas_id_seq; Type: SEQUENCE; Schema: public; Owner: postgres
--

ALTER TABLE public.areas ALTER COLUMN id ADD GENERATED BY DEFAULT AS IDENTITY (
    SEQUENCE NAME public.areas_id_seq
    START WITH 1
    INCREMENT BY 1
    NO MINVALUE
    NO MAXVALUE
    CACHE 1
);


--
-- TOC entry 224 (class 1259 OID 16425)
-- Name: companies; Type: TABLE; Schema: public; Owner: postgres
--

CREATE TABLE public.companies (
    cnpj character varying(255) NOT NULL,
    endereco character varying(255) NOT NULL,
    id bigint NOT NULL
);


ALTER TABLE public.companies OWNER TO postgres;

--
-- TOC entry 225 (class 1259 OID 16432)
-- Name: company_areas; Type: TABLE; Schema: public; Owner: postgres
--

CREATE TABLE public.company_areas (
    company_id bigint NOT NULL,
    area_id bigint NOT NULL
);


ALTER TABLE public.company_areas OWNER TO postgres;

--
-- TOC entry 227 (class 1259 OID 16438)
-- Name: job_offers; Type: TABLE; Schema: public; Owner: postgres
--

CREATE TABLE public.job_offers (
    id bigint NOT NULL,
    ativa boolean NOT NULL,
    carga_horaria integer NOT NULL,
    data_atualizacao timestamp(6) without time zone,
    data_criacao timestamp(6) without time zone NOT NULL,
    data_encerramento timestamp(6) without time zone,
    descricao text NOT NULL,
    localizacao character varying(255) NOT NULL,
    modalidade character varying(255) NOT NULL,
    requisitos text NOT NULL,
    titulo character varying(255) NOT NULL,
    area_id bigint NOT NULL,
    company_id bigint NOT NULL,
    CONSTRAINT job_offers_modalidade_check CHECK (((modalidade)::text = ANY ((ARRAY['PRESENCIAL'::character varying, 'REMOTO'::character varying, 'HIBRIDO'::character varying])::text[])))
);


ALTER TABLE public.job_offers OWNER TO postgres;

--
-- TOC entry 226 (class 1259 OID 16437)
-- Name: job_offers_id_seq; Type: SEQUENCE; Schema: public; Owner: postgres
--

ALTER TABLE public.job_offers ALTER COLUMN id ADD GENERATED BY DEFAULT AS IDENTITY (
    SEQUENCE NAME public.job_offers_id_seq
    START WITH 1
    INCREMENT BY 1
    NO MINVALUE
    NO MAXVALUE
    CACHE 1
);


--
-- TOC entry 228 (class 1259 OID 16446)
-- Name: student_areas; Type: TABLE; Schema: public; Owner: postgres
--

CREATE TABLE public.student_areas (
    student_id bigint NOT NULL,
    area_id bigint NOT NULL
);


ALTER TABLE public.student_areas OWNER TO postgres;

--
-- TOC entry 230 (class 1259 OID 16516)
-- Name: student_education; Type: TABLE; Schema: public; Owner: postgres
--

CREATE TABLE public.student_education (
    student_id bigint NOT NULL,
    curso character varying(255),
    data_fim date,
    data_inicio date,
    descricao text,
    em_andamento boolean,
    instituicao character varying(255),
    nivel character varying(255)
);


ALTER TABLE public.student_education OWNER TO postgres;

--
-- TOC entry 231 (class 1259 OID 16521)
-- Name: student_experience; Type: TABLE; Schema: public; Owner: postgres
--

CREATE TABLE public.student_experience (
    student_id bigint NOT NULL,
    atual boolean,
    cargo character varying(255),
    data_fim date,
    data_inicio date,
    descricao text,
    empresa character varying(255)
);


ALTER TABLE public.student_experience OWNER TO postgres;

--
-- TOC entry 232 (class 1259 OID 16526)
-- Name: student_skills; Type: TABLE; Schema: public; Owner: postgres
--

CREATE TABLE public.student_skills (
    student_id bigint NOT NULL,
    categoria character varying(255),
    nivel integer,
    nome character varying(255)
);


ALTER TABLE public.student_skills OWNER TO postgres;

--
-- TOC entry 229 (class 1259 OID 16451)
-- Name: students; Type: TABLE; Schema: public; Owner: postgres
--

CREATE TABLE public.students (
    cpf character varying(255) NOT NULL,
    curso character varying(255) NOT NULL,
    id bigint NOT NULL,
    data_nascimento date,
    github character varying(255),
    linkedin character varying(255),
    portfolio character varying(255),
    resumo text
);


ALTER TABLE public.students OWNER TO postgres;

--
-- TOC entry 220 (class 1259 OID 16398)
-- Name: users; Type: TABLE; Schema: public; Owner: postgres
--

CREATE TABLE public.users (
    user_type character varying(31) NOT NULL,
    id bigint NOT NULL,
    data_atualizacao timestamp(6) without time zone,
    data_criacao timestamp(6) without time zone NOT NULL,
    email character varying(255) NOT NULL,
    nome character varying(255) NOT NULL,
    role character varying(255) NOT NULL,
    senha character varying(255) NOT NULL,
    telefone character varying(255) NOT NULL,
    CONSTRAINT users_role_check CHECK (((role)::text = ANY ((ARRAY['ADMIN'::character varying, 'COMPANY'::character varying, 'STUDENT'::character varying])::text[])))
);


ALTER TABLE public.users OWNER TO postgres;

--
-- TOC entry 219 (class 1259 OID 16397)
-- Name: users_id_seq; Type: SEQUENCE; Schema: public; Owner: postgres
--

ALTER TABLE public.users ALTER COLUMN id ADD GENERATED BY DEFAULT AS IDENTITY (
    SEQUENCE NAME public.users_id_seq
    START WITH 1
    INCREMENT BY 1
    NO MINVALUE
    NO MAXVALUE
    CACHE 1
);


--
-- TOC entry 4880 (class 0 OID 16408)
-- Dependencies: 221
-- Data for Name: admins; Type: TABLE DATA; Schema: public; Owner: postgres
--

COPY public.admins (id) FROM stdin;
5
\.


--
-- TOC entry 4882 (class 0 OID 16419)
-- Dependencies: 223
-- Data for Name: applications; Type: TABLE DATA; Schema: public; Owner: postgres
--

COPY public.applications (id, data_inscricao, status, job_offer_id, student_id) FROM stdin;
11	2025-05-27 16:44:49.274086	PENDENTE	29	11
\.


--
-- TOC entry 4877 (class 0 OID 16390)
-- Dependencies: 218
-- Data for Name: areas; Type: TABLE DATA; Schema: public; Owner: postgres
--

COPY public.areas (id, nome) FROM stdin;
14	Engenharia de Dados
15	Ciência de Dados e Inteligência Artificial
16	Suporte Técnico e Help Desk
17	Infraestrutura e Redes
18	Segurança da Informação (Cybersecurity)
19	DevOps e SRE (Site Reliability Engineering)
20	Análise de Dados e BI (Business Intelligence)
21	UX/UI Design e Design de Produto
22	Cloud Computing (Computação em Nuvem)
23	Banco de Dados
24	Tecnologia para Negócios / Sistemas ERP / CRM
4	Qualidade de Software (QA/Testes)
26	Desenvolvimento de Software 
\.


--
-- TOC entry 4883 (class 0 OID 16425)
-- Dependencies: 224
-- Data for Name: companies; Type: TABLE DATA; Schema: public; Owner: postgres
--

COPY public.companies (cnpj, endereco, id) FROM stdin;
12332323232323232	Alameda Teste 123	12
52732392323232	Endereço teste	15
\.


--
-- TOC entry 4884 (class 0 OID 16432)
-- Dependencies: 225
-- Data for Name: company_areas; Type: TABLE DATA; Schema: public; Owner: postgres
--

COPY public.company_areas (company_id, area_id) FROM stdin;
12	4
12	23
12	26
12	24
15	20
15	26
15	19
15	18
15	24
15	17
15	4
15	23
15	16
15	22
15	15
15	21
15	14
\.


--
-- TOC entry 4886 (class 0 OID 16438)
-- Dependencies: 227
-- Data for Name: job_offers; Type: TABLE DATA; Schema: public; Owner: postgres
--

COPY public.job_offers (id, ativa, carga_horaria, data_atualizacao, data_criacao, data_encerramento, descricao, localizacao, modalidade, requisitos, titulo, area_id, company_id) FROM stdin;
28	t	44	\N	2025-05-27 16:41:55.105676	\N	Vaga teste para um usuario teste	Localização teste	PRESENCIAL	Voce precisa ser um usuario teste 	Vaga teste	14	12
29	t	20	\N	2025-05-27 16:44:24.549016	\N	teste	tesete	PRESENCIAL	teste	teste	26	12
\.


--
-- TOC entry 4887 (class 0 OID 16446)
-- Dependencies: 228
-- Data for Name: student_areas; Type: TABLE DATA; Schema: public; Owner: postgres
--

COPY public.student_areas (student_id, area_id) FROM stdin;
11	26
14	20
14	26
14	19
14	18
14	24
14	17
14	4
14	23
14	16
14	22
14	15
14	21
14	14
\.


--
-- TOC entry 4889 (class 0 OID 16516)
-- Dependencies: 230
-- Data for Name: student_education; Type: TABLE DATA; Schema: public; Owner: postgres
--

COPY public.student_education (student_id, curso, data_fim, data_inicio, descricao, em_andamento, instituicao, nivel) FROM stdin;
\.


--
-- TOC entry 4890 (class 0 OID 16521)
-- Dependencies: 231
-- Data for Name: student_experience; Type: TABLE DATA; Schema: public; Owner: postgres
--

COPY public.student_experience (student_id, atual, cargo, data_fim, data_inicio, descricao, empresa) FROM stdin;
\.


--
-- TOC entry 4891 (class 0 OID 16526)
-- Dependencies: 232
-- Data for Name: student_skills; Type: TABLE DATA; Schema: public; Owner: postgres
--

COPY public.student_skills (student_id, categoria, nivel, nome) FROM stdin;
\.


--
-- TOC entry 4888 (class 0 OID 16451)
-- Dependencies: 229
-- Data for Name: students; Type: TABLE DATA; Schema: public; Owner: postgres
--

COPY public.students (cpf, curso, id, data_nascimento, github, linkedin, portfolio, resumo) FROM stdin;
123	123	11	\N	https://app.netlify.com/drop	https://app.netlify.com/drop	https://app.netlify.com/drop	ISSP É UM TESTE 
52744444444	Sistemas de informação	14	\N	\N	\N	\N	\N
\.


--
-- TOC entry 4879 (class 0 OID 16398)
-- Dependencies: 220
-- Data for Name: users; Type: TABLE DATA; Schema: public; Owner: postgres
--

COPY public.users (user_type, id, data_atualizacao, data_criacao, email, nome, role, senha, telefone) FROM stdin;
STUDENT	11	2025-05-27 17:17:36.042796	2025-05-27 16:39:48.717885	Userteste@hotmail.com	Estudante Teste	STUDENT	$2a$10$pdSjkQv7i50MvH959aDH8.ewwsS.JSfegbJ/BYZSPLoFt27CoTwgW	123
COMPANY	5	\N	2025-05-26 12:41:55.349973	contato@empresaabc.com.br	Empresa ABC Ltda	COMPANY	$2a$10$Xkmiy36NHk6ztspuDoHsFuwKd8KA7/ZghBuIzC65/kBBwtw2h77OK	(11) 98765-4321
STUDENT	14	\N	2025-05-27 17:45:50.575389	estudante@estudante.com	Estudante	STUDENT	$2a$10$6UG6QIEBAyKcwtuo/gzRy.sxAbq5MAEigwYjos.nYRgFXsanC/kuu	11986537898
COMPANY	15	\N	2025-05-27 17:46:29.180613	Empresa@empresa.com	Empresa	COMPANY	$2a$10$mKDF4rLEV91pFDm63pF6UurWitj4994eCLJZyQ6M7pgGHc3eXz2qe	1313232313131
COMPANY	12	\N	2025-05-27 16:40:57.019638	Empresa@hotmail.com	Empresa Teste	COMPANY	$2a$10$q0wEIjwpXcsHjZ.ClSh9oex3XOBPWeqPSRoGYLQegPdgAFZq7b/C2	12212121212121
ADMIN	13	\N	2025-05-27 16:47:12.157938	admin@admin.com	admin	ADMIN	$2a$10$Xkmiy36NHk6ztspuDoHsFuwKd8KA7/ZghBuIzC65/kBBwtw2h77OK	1111111111111
\.


--
-- TOC entry 4897 (class 0 OID 0)
-- Dependencies: 222
-- Name: applications_id_seq; Type: SEQUENCE SET; Schema: public; Owner: postgres
--

SELECT pg_catalog.setval('public.applications_id_seq', 11, true);


--
-- TOC entry 4898 (class 0 OID 0)
-- Dependencies: 217
-- Name: areas_id_seq; Type: SEQUENCE SET; Schema: public; Owner: postgres
--

SELECT pg_catalog.setval('public.areas_id_seq', 26, true);


--
-- TOC entry 4899 (class 0 OID 0)
-- Dependencies: 226
-- Name: job_offers_id_seq; Type: SEQUENCE SET; Schema: public; Owner: postgres
--

SELECT pg_catalog.setval('public.job_offers_id_seq', 29, true);


--
-- TOC entry 4900 (class 0 OID 0)
-- Dependencies: 219
-- Name: users_id_seq; Type: SEQUENCE SET; Schema: public; Owner: postgres
--

SELECT pg_catalog.setval('public.users_id_seq', 15, true);


--
-- TOC entry 4700 (class 2606 OID 16412)
-- Name: admins admins_pkey; Type: CONSTRAINT; Schema: public; Owner: postgres
--

ALTER TABLE ONLY public.admins
    ADD CONSTRAINT admins_pkey PRIMARY KEY (id);


--
-- TOC entry 4702 (class 2606 OID 16424)
-- Name: applications applications_pkey; Type: CONSTRAINT; Schema: public; Owner: postgres
--

ALTER TABLE ONLY public.applications
    ADD CONSTRAINT applications_pkey PRIMARY KEY (id);


--
-- TOC entry 4692 (class 2606 OID 16394)
-- Name: areas areas_pkey; Type: CONSTRAINT; Schema: public; Owner: postgres
--

ALTER TABLE ONLY public.areas
    ADD CONSTRAINT areas_pkey PRIMARY KEY (id);


--
-- TOC entry 4704 (class 2606 OID 16431)
-- Name: companies companies_pkey; Type: CONSTRAINT; Schema: public; Owner: postgres
--

ALTER TABLE ONLY public.companies
    ADD CONSTRAINT companies_pkey PRIMARY KEY (id);


--
-- TOC entry 4708 (class 2606 OID 16436)
-- Name: company_areas company_areas_pkey; Type: CONSTRAINT; Schema: public; Owner: postgres
--

ALTER TABLE ONLY public.company_areas
    ADD CONSTRAINT company_areas_pkey PRIMARY KEY (company_id, area_id);


--
-- TOC entry 4710 (class 2606 OID 16445)
-- Name: job_offers job_offers_pkey; Type: CONSTRAINT; Schema: public; Owner: postgres
--

ALTER TABLE ONLY public.job_offers
    ADD CONSTRAINT job_offers_pkey PRIMARY KEY (id);


--
-- TOC entry 4712 (class 2606 OID 16450)
-- Name: student_areas student_areas_pkey; Type: CONSTRAINT; Schema: public; Owner: postgres
--

ALTER TABLE ONLY public.student_areas
    ADD CONSTRAINT student_areas_pkey PRIMARY KEY (student_id, area_id);


--
-- TOC entry 4714 (class 2606 OID 16457)
-- Name: students students_pkey; Type: CONSTRAINT; Schema: public; Owner: postgres
--

ALTER TABLE ONLY public.students
    ADD CONSTRAINT students_pkey PRIMARY KEY (id);


--
-- TOC entry 4706 (class 2606 OID 16459)
-- Name: companies uk1phmrrhw2946lhdeh2yjis697; Type: CONSTRAINT; Schema: public; Owner: postgres
--

ALTER TABLE ONLY public.companies
    ADD CONSTRAINT uk1phmrrhw2946lhdeh2yjis697 UNIQUE (cnpj);


--
-- TOC entry 4716 (class 2606 OID 16461)
-- Name: students uk1xe2pr78gj31n7fvn335e0pjv; Type: CONSTRAINT; Schema: public; Owner: postgres
--

ALTER TABLE ONLY public.students
    ADD CONSTRAINT uk1xe2pr78gj31n7fvn335e0pjv UNIQUE (cpf);


--
-- TOC entry 4696 (class 2606 OID 16407)
-- Name: users uk6dotkott2kjsp8vw4d0m25fb7; Type: CONSTRAINT; Schema: public; Owner: postgres
--

ALTER TABLE ONLY public.users
    ADD CONSTRAINT uk6dotkott2kjsp8vw4d0m25fb7 UNIQUE (email);


--
-- TOC entry 4694 (class 2606 OID 16396)
-- Name: areas ukbfl2g59sbrlcm334tdxeuifh; Type: CONSTRAINT; Schema: public; Owner: postgres
--

ALTER TABLE ONLY public.areas
    ADD CONSTRAINT ukbfl2g59sbrlcm334tdxeuifh UNIQUE (nome);


--
-- TOC entry 4698 (class 2606 OID 16405)
-- Name: users users_pkey; Type: CONSTRAINT; Schema: public; Owner: postgres
--

ALTER TABLE ONLY public.users
    ADD CONSTRAINT users_pkey PRIMARY KEY (id);


--
-- TOC entry 4725 (class 2606 OID 16497)
-- Name: student_areas fk4a78synosdgrxkrewnf8e8mfn; Type: FK CONSTRAINT; Schema: public; Owner: postgres
--

ALTER TABLE ONLY public.student_areas
    ADD CONSTRAINT fk4a78synosdgrxkrewnf8e8mfn FOREIGN KEY (area_id) REFERENCES public.areas(id);


--
-- TOC entry 4720 (class 2606 OID 16472)
-- Name: companies fk75nyyir60ukpfq5v0v2jl0fri; Type: FK CONSTRAINT; Schema: public; Owner: postgres
--

ALTER TABLE ONLY public.companies
    ADD CONSTRAINT fk75nyyir60ukpfq5v0v2jl0fri FOREIGN KEY (id) REFERENCES public.users(id);


--
-- TOC entry 4727 (class 2606 OID 16507)
-- Name: students fk7xqmtv7r2eb5axni3jm0a80su; Type: FK CONSTRAINT; Schema: public; Owner: postgres
--

ALTER TABLE ONLY public.students
    ADD CONSTRAINT fk7xqmtv7r2eb5axni3jm0a80su FOREIGN KEY (id) REFERENCES public.users(id);


--
-- TOC entry 4723 (class 2606 OID 16487)
-- Name: job_offers fk8i5i4klvr2mx4226u7s22a7wu; Type: FK CONSTRAINT; Schema: public; Owner: postgres
--

ALTER TABLE ONLY public.job_offers
    ADD CONSTRAINT fk8i5i4klvr2mx4226u7s22a7wu FOREIGN KEY (area_id) REFERENCES public.areas(id);


--
-- TOC entry 4724 (class 2606 OID 16492)
-- Name: job_offers fk8ta7i9ubxobstdem21hgs2byb; Type: FK CONSTRAINT; Schema: public; Owner: postgres
--

ALTER TABLE ONLY public.job_offers
    ADD CONSTRAINT fk8ta7i9ubxobstdem21hgs2byb FOREIGN KEY (company_id) REFERENCES public.companies(id);


--
-- TOC entry 4717 (class 2606 OID 16413)
-- Name: admins fkanhsicqm3lc8ya77tr7r0je18; Type: FK CONSTRAINT; Schema: public; Owner: postgres
--

ALTER TABLE ONLY public.admins
    ADD CONSTRAINT fkanhsicqm3lc8ya77tr7r0je18 FOREIGN KEY (id) REFERENCES public.users(id);


--
-- TOC entry 4718 (class 2606 OID 16462)
-- Name: applications fkawuu01ou28l0903avu0nwx058; Type: FK CONSTRAINT; Schema: public; Owner: postgres
--

ALTER TABLE ONLY public.applications
    ADD CONSTRAINT fkawuu01ou28l0903avu0nwx058 FOREIGN KEY (job_offer_id) REFERENCES public.job_offers(id);


--
-- TOC entry 4719 (class 2606 OID 16467)
-- Name: applications fkbxjuiec753shgoyw6x0l8opn8; Type: FK CONSTRAINT; Schema: public; Owner: postgres
--

ALTER TABLE ONLY public.applications
    ADD CONSTRAINT fkbxjuiec753shgoyw6x0l8opn8 FOREIGN KEY (student_id) REFERENCES public.students(id);


--
-- TOC entry 4726 (class 2606 OID 16502)
-- Name: student_areas fkf4ykc671xl61tds0lkwvottp3; Type: FK CONSTRAINT; Schema: public; Owner: postgres
--

ALTER TABLE ONLY public.student_areas
    ADD CONSTRAINT fkf4ykc671xl61tds0lkwvottp3 FOREIGN KEY (student_id) REFERENCES public.students(id);


--
-- TOC entry 4729 (class 2606 OID 16536)
-- Name: student_experience fkgcvpsjuer1afus3c32dl6rocr; Type: FK CONSTRAINT; Schema: public; Owner: postgres
--

ALTER TABLE ONLY public.student_experience
    ADD CONSTRAINT fkgcvpsjuer1afus3c32dl6rocr FOREIGN KEY (student_id) REFERENCES public.students(id);


--
-- TOC entry 4721 (class 2606 OID 16482)
-- Name: company_areas fkhypabh6afgqs0qjnjs5jjunxh; Type: FK CONSTRAINT; Schema: public; Owner: postgres
--

ALTER TABLE ONLY public.company_areas
    ADD CONSTRAINT fkhypabh6afgqs0qjnjs5jjunxh FOREIGN KEY (company_id) REFERENCES public.companies(id);


--
-- TOC entry 4722 (class 2606 OID 16477)
-- Name: company_areas fkmdy6a2bt2ttcpntys21kwd21a; Type: FK CONSTRAINT; Schema: public; Owner: postgres
--

ALTER TABLE ONLY public.company_areas
    ADD CONSTRAINT fkmdy6a2bt2ttcpntys21kwd21a FOREIGN KEY (area_id) REFERENCES public.areas(id);


--
-- TOC entry 4728 (class 2606 OID 16531)
-- Name: student_education fkndsoa3ta1ubwvyc07mngmta5j; Type: FK CONSTRAINT; Schema: public; Owner: postgres
--

ALTER TABLE ONLY public.student_education
    ADD CONSTRAINT fkndsoa3ta1ubwvyc07mngmta5j FOREIGN KEY (student_id) REFERENCES public.students(id);


--
-- TOC entry 4730 (class 2606 OID 16541)
-- Name: student_skills fkovs9ju1ccjg7kq2m3tct9oh1y; Type: FK CONSTRAINT; Schema: public; Owner: postgres
--

ALTER TABLE ONLY public.student_skills
    ADD CONSTRAINT fkovs9ju1ccjg7kq2m3tct9oh1y FOREIGN KEY (student_id) REFERENCES public.students(id);


-- Completed on 2025-05-27 17:49:36

--
-- PostgreSQL database dump complete
--

